{"cameraMode":{"drawMode":0,"name":"Shaded","section":"Shading Mode"},"sceneLighting":false,"audioPlay":false,"sceneViewState":{"showFog":true,"showMaterialUpdate":false,"showSkybox":false,"showFlares":true,"showImageEffects":true,"showParticleSystems":true},"in2DMode":false,"pivot":{"x":-22.066261291503908,"y":6.862262725830078,"z":25.169618606567384},"rotation":{"x":-0.24922949075698853,"y":-0.055733490735292438,"z":0.01436892244964838,"w":-0.9667430520057678},"size":5.491811752319336,"orthographic":false}