{"cameraMode":{"drawMode":0,"name":"Shaded","section":"Shading Mode"},"sceneLighting":false,"audioPlay":false,"sceneViewState":{"showFog":true,"showMaterialUpdate":false,"showSkybox":false,"showFlares":true,"showImageEffects":true,"showParticleSystems":true},"in2DMode":false,"pivot":{"x":-26.70134162902832,"y":2.242241144180298,"z":39.015708923339847},"rotation":{"x":-0.3100056052207947,"y":0.02510822005569935,"z":-0.008189395070075989,"w":-0.9503787755966187},"size":3.6967365741729738,"orthographic":false}