{"cameraMode":{"drawMode":0,"name":"Shaded","section":"Shading Mode"},"sceneLighting":false,"audioPlay":false,"sceneViewState":{"showFog":true,"showMaterialUpdate":false,"showSkybox":false,"showFlares":true,"showImageEffects":true,"showParticleSystems":true},"in2DMode":false,"pivot":{"x":-30.64345932006836,"y":4.433853626251221,"z":40.303985595703128},"rotation":{"x":-0.24922949075698853,"y":-0.055733490735292438,"z":0.01436892244964838,"w":-0.9667430520057678},"size":4.435980796813965,"orthographic":false}