{"cameraMode":{"drawMode":0,"name":"Shaded","section":"Shading Mode"},"sceneLighting":false,"audioPlay":false,"sceneViewState":{"showFog":true,"showMaterialUpdate":false,"showSkybox":false,"showFlares":true,"showImageEffects":true,"showParticleSystems":true},"in2DMode":false,"pivot":{"x":-25.701780319213868,"y":2.2422845363616945,"z":39.01500701904297},"rotation":{"x":-0.3100056052207947,"y":0.02510822005569935,"z":-0.008189395070075989,"w":-0.9503787755966187},"size":3.6990771293640138,"orthographic":false}