{"cameraMode":{"drawMode":0,"name":"Shaded","section":"Shading Mode"},"sceneLighting":false,"audioPlay":false,"sceneViewState":{"showFog":true,"showMaterialUpdate":false,"showSkybox":false,"showFlares":true,"showImageEffects":true,"showParticleSystems":true},"in2DMode":false,"pivot":{"x":-21.519855499267579,"y":6.5802903175354,"z":25.473323822021486},"rotation":{"x":-0.18080729246139527,"y":-0.006478517781943083,"z":0.0011917094234377146,"w":-0.9835071563720703},"size":12.50890827178955,"orthographic":false}