{"cameraMode":{"drawMode":0,"name":"Shaded","section":"Shading Mode"},"sceneLighting":true,"audioPlay":false,"sceneViewState":{"showFog":true,"showMaterialUpdate":false,"showSkybox":true,"showFlares":true,"showImageEffects":true,"showParticleSystems":true},"in2DMode":false,"pivot":{"x":40.61767578125,"y":28.7900390625,"z":-6.447265625},"rotation":{"x":0.21003621816635133,"y":-0.11059839278459549,"z":0.02391960471868515,"w":0.9711268544197083},"size":17.6687068939209,"orthographic":true}